"Project_na","site_type","ID","VegType","Area","Year"
"Browns","Reference",4,"unclassified",688901.114500523,2014
"Browns","Reference",4,"water",6040.85288715363,2014
"Browns","Reference",4,"SAV",5396.74538469315,2014
"Browns","Reference",4,"Emergent",257324.07396841,2014
"Browns","Reference",4,"Hyacinth",68.7881798744202,2014
"Browns","Reference",4,"Primrose",400.222137451172,2014
"Browns","Reference",4,"NPV",224968.615543842,2014
"Browns","Reference",4,"Riparian",193032.139669418,2014
"Browns","Reference",4,"Shadow",58613.7827239037,2014
"Winter","Restored",5,"unclassified",432946.550658703,2014
"Winter","Restored",5,"soil",30141.7297267914,2014
"Winter","Restored",5,"water",26839.8970928192,2014
"Winter","Restored",5,"SAV",56237.4637827873,2014
"Winter","Restored",5,"Emergent",616629.751336098,2014
"Winter","Restored",5,"Hyacinth",2701.49942779541,2014
"Winter","Restored",5,"Primrose",5734.43281316757,2014
"Winter","Restored",5,"NPV",262808.367945671,2014
"Winter","Restored",5,"Riparian",246292.951304913,2014
"Winter","Restored",5,"Shadow",110492.577291012,2014
"Browns","Reference",4,"unclassified",919441.572614193,2015
"Browns","Reference",4,"soil",81.2951216697693,2015
"Browns","Reference",4,"water",27052.5151033401,2015
"Browns","Reference",4,"SAV",8492.21347904205,2015
"Browns","Reference",4,"Emergent",171826.619855404,2015
"Browns","Reference",4,"Hyacinth",12.5069417953491,2015
"Browns","Reference",4,"Primrose",56.281238079071,2015
"Browns","Reference",4,"NPV",292749.986603737,2015
"Browns","Reference",4,"Riparian",13845.1845674515,2015
"Browns","Reference",4,"Shadow",1188.15947055817,2015
"Winter","Restored",5,"unclassified",382012.030197144,2015
"Winter","Restored",5,"soil",31561.2676205635,2015
"Winter","Restored",5,"water",56162.4221320152,2015
"Winter","Restored",5,"SAV",127589.566725254,2015
"Winter","Restored",5,"Emergent",798142.997612,2015
"Winter","Restored",5,"Hyacinth",75.0416507720947,2015
"Winter","Restored",5,"Spongeplant",56.281238079071,2015
"Winter","Restored",5,"Primrose",8367.14406108856,2015
"Winter","Restored",5,"NPV",371381.129671097,2015
"Winter","Restored",5,"Riparian",8104.49828338623,2015
"Winter","Restored",5,"Shadow",7372.84218835831,2015
"Browns","Reference",4,"unclassified",738259.760295868,2016
"Browns","Reference",4,"soil",68.7881798744202,2016
"Browns","Reference",4,"water",13101.0215306282,2016
"Browns","Reference",4,"SAV",3902.16584014893,2016
"Browns","Reference",4,"Emergent",465439.58544302,2016
"Browns","Reference",4,"Hyacinth",2851.5827293396,2016
"Browns","Reference",4,"Primrose",5096.57878160477,2016
"Browns","Reference",4,"NPV",27365.1886482239,2016
"Browns","Reference",4,"Riparian",148607.482412338,2016
"Browns","Reference",4,"Shadow",31999.0105834007,2016
"Winter","Restored",5,"unclassified",220072.147830963,2016
"Winter","Restored",5,"soil",34750.5377783775,2016
"Winter","Restored",5,"water",58438.6855387688,2016
"Winter","Restored",5,"SAV",124400.29656744,2016
"Winter","Restored",5,"Emergent",754237.378439426,2016
"Winter","Restored",5,"Hyacinth",11475.1190972328,2016
"Winter","Restored",5,"Primrose",72483.9811749458,2016
"Winter","Restored",5,"NPV",246774.468564034,2016
"Winter","Restored",5,"Riparian",230496.683817387,2016
"Winter","Restored",5,"Shadow",37439.5302643776,2016
"Browns","Reference",4,"unclassified",855562.367394447,2017
"Browns","Reference",4,"soil",137.57635974884,2017
"Browns","Reference",4,"water",6566.14444255829,2017
"Browns","Reference",4,"SAV",4371.17615747452,2017
"Browns","Reference",4,"Emergent",451719.470293522,2017
"Browns","Reference",4,"Hyacinth",7197.74500322342,2017
"Browns","Reference",4,"Primrose",25389.0918445587,2017
"Browns","Reference",4,"NPV",312.673544883728,2017
"Browns","Reference",4,"Riparian",61359.0564479828,2017
"Browns","Reference",4,"Shadow",22112.2730941772,2017
"Winter","Restored",5,"unclassified",393762.302013874,2017
"Winter","Restored",5,"soil",12075.4523034096,2017
"Winter","Restored",5,"water",12275.5633721352,2017
"Winter","Restored",5,"SAV",78143.3723373413,2017
"Winter","Restored",5,"Emergent",644751.60996294,2017
"Winter","Restored",5,"Hyacinth",5127.84613609314,2017
"Winter","Restored",5,"Primrose",301911.32146883,2017
"Winter","Restored",5,"NPV",30416.8824462891,2017
"Winter","Restored",5,"Riparian",230015.166558266,2017
"Winter","Restored",5,"Shadow",82308.1839551926,2017
"Browns","Reference",4,"unclassified",448698.662354231,2018
"Browns","Reference",4,"water",7552.96354389191,2018
"Browns","Reference",4,"SAV",81260.8658156395,2018
"Browns","Reference",4,"Emergent",2033843.63226914,2018
"Browns","Reference",4,"Hyacinth",12772.3736498356,2018
"Browns","Reference",4,"Primrose",7110.54263186455,2018
"Browns","Reference",4,"NPV",11901.9900255203,2018
"Browns","Reference",4,"Riparian",83406.4626569748,2018
"Browns","Reference",4,"Shadow",105478.350379229,2018
"Winter","Restored",5,"unclassified",1688.71772956848,2018
"Winter","Restored",5,"soil",6627.63876056671,2018
"Winter","Restored",5,"water",9178.06519460678,2018
"Winter","Restored",5,"SAV",111252.955355167,2018
"Winter","Restored",5,"Emergent",1174769.21179008,2018
"Winter","Restored",5,"Hyacinth",14596.998456955,2018
"Winter","Restored",5,"Primrose",89447.0985081196,2018
"Winter","Restored",5,"NPV",63994.8836867809,2018
"Winter","Restored",5,"Riparian",215224.761321545,2018
"Winter","Restored",5,"Shadow",103971.805966377,2018
"Browns","Reference",4,"soil",60.7244389057159,2019
"Browns","Reference",4,"water",110087.624456167,2019
"Browns","Reference",4,"SAV",84253.7131617069,2019
"Browns","Reference",4,"Emergent",2001610.52177,2019
"Browns","Reference",4,"Hyacinth",35992.2424314022,2019
"Browns","Reference",4,"Primrose",50172.8447358608,2019
"Browns","Reference",4,"NPV",21265.1201767921,2019
"Browns","Reference",4,"Riparian",486665.894870043,2019
"Browns","Reference",4,"Shadow",1867.99940633774,2019
"Winter","Restored",5,"soil",7651.27930212021,2019
"Winter","Restored",5,"water",40167.7705161572,2019
"Winter","Restored",5,"SAV",85158.7964653969,2019
"Winter","Restored",5,"Emergent",1031445.07777286,2019
"Winter","Restored",5,"Hyacinth",7414.16482639313,2019
"Winter","Restored",5,"Primrose",389321.727664232,2019
"Winter","Restored",5,"NPV",22138.3954410553,2019
"Winter","Restored",5,"Riparian",201859.601482391,2019
"Winter","Restored",5,"Shadow",5543.2737801075,2019
"Browns","Reference",4,"unclassified",4246.4081993103,2020
"Browns","Reference",4,"soil",2685.52299880981,2020
"Browns","Reference",4,"water",103134.489055634,2020
"Browns","Reference",4,"SAV",56832.2303771973,2020
"Browns","Reference",4,"Emergent",1272305.54281616,2020
"Browns","Reference",4,"Hyacinth",40458.9448509216,2020
"Browns","Reference",4,"Primrose",58441.1428146362,2020
"Browns","Reference",4,"NPV",13379.5877571106,2020
"Browns","Reference",4,"Riparian",1149667.99329376,2020
"Browns","Reference",4,"Shadow",8913.05472183228,2020
"Browns","Reference",4,"Marsh Invaded by Primrose",81902.448059082,2020
"Winter","Restored",5,"unclassified",2597.47306442261,2020
"Winter","Restored",5,"soil",8857.02294540405,2020
"Winter","Restored",5,"water",49071.8293418884,2020
"Winter","Restored",5,"SAV",47154.7421340942,2020
"Winter","Restored",5,"Emergent",935422.491580963,2020
"Winter","Restored",5,"Hyacinth",16785.5193099976,2020
"Winter","Restored",5,"Primrose",283000.493659973,2020
"Winter","Restored",5,"NPV",14168.0348968506,2020
"Winter","Restored",5,"Riparian",330183.251682281,2020
"Winter","Restored",5,"Shadow",13155.4606513977,2020
"Winter","Restored",5,"Marsh Invaded by Primrose",90343.2349510193,2020
"Browns","Reference",4,"unclassified",7816.43281173706,2021
"Browns","Reference",4,"soil",172.097599029541,2021
"Browns","Reference",4,"water",76987.6608123779,2021
"Browns","Reference",4,"SAV",50876.8529968262,2021
"Browns","Reference",4,"Emergent",180286.242927551,2021
"Browns","Reference",4,"Hyacinth",22348.6742553711,2021
"Browns","Reference",4,"Spongeplant",26599.0847244263,2021
"Browns","Reference",4,"Primrose",2053.16437911987,2021
"Browns","Reference",4,"NPV",827005.006462097,2021
"Browns","Reference",4,"Riparian",1490509.28930664,2021
"Browns","Reference",4,"Shadow",69767.566192627,2021
"Browns","Reference",4,"Marsh Invaded by Primrose",37473.2516212463,2021
"Winter","Restored",5,"unclassified",5659.20941925049,2021
"Winter","Restored",5,"soil",6395.62705230713,2021
"Winter","Restored",5,"water",37913.5012931824,2021
"Winter","Restored",5,"SAV",83067.1085548401,2021
"Winter","Restored",5,"Emergent",619295.211242676,2021
"Winter","Restored",5,"Hyacinth",444.251941680908,2021
"Winter","Restored",5,"Spongeplant",168.095329284668,2021
"Winter","Restored",5,"Primrose",38962.0959663391,2021
"Winter","Restored",5,"NPV",53618.4077720642,2021
"Winter","Restored",5,"Riparian",713188.459457397,2021
"Winter","Restored",5,"Shadow",77900.178314209,2021
"Winter","Restored",5,"Marsh Invaded by Primrose",154127.407875061,2021
"Browns","Reference",4,"unclassified",10281.8309745789,2022
"Browns","Reference",4,"soil",114897.159835815,2022
"Browns","Reference",4,"water",118327.105007172,2022
"Browns","Reference",4,"SAV",5731.2502746582,2022
"Browns","Reference",4,"Emergent",1794213.52435684,2022
"Browns","Reference",4,"Hyacinth",59585.7919616699,2022
"Browns","Reference",4,"Spongeplant",208.118026733398,2022
"Browns","Reference",4,"Primrose",2545.44355773926,2022
"Browns","Reference",4,"NPV",2001.13487243652,2022
"Browns","Reference",4,"Riparian",664744.986465454,2022
"Browns","Reference",4,"Shadow",19479.0468482971,2022
"Winter","Restored",5,"unclassified",10397.8967971802,2022
"Winter","Restored",5,"soil",11038.2599563599,2022
"Winter","Restored",5,"water",99232.2760543823,2022
"Winter","Restored",5,"SAV",19695.1694145203,2022
"Winter","Restored",5,"Emergent",1345735.18582535,2022
"Winter","Restored",5,"Hyacinth",172.097599029541,2022
"Winter","Restored",5,"Spongeplant",300.170230865479,2022
"Winter","Restored",5,"Primrose",8584.86860275269,2022
"Winter","Restored",5,"NPV",3870.19484329224,2022
"Winter","Restored",5,"Riparian",267971.970767975,2022
"Winter","Restored",5,"Shadow",23621.3960342407,2022
"Browns","Reference",4,"unclassified",7451.90613269806,2023
"Browns","Reference",4,"soil",374.61245059967,2023
"Browns","Reference",4,"water",96897.8327989578,2023
"Browns","Reference",4,"SAV",65263.2521629333,2023
"Browns","Reference",4,"Emergent",1426708.63647461,2023
"Browns","Reference",4,"Hyacinth",26113.3694410324,2023
"Browns","Reference",4,"Spongeplant",8345.2127456665,2023
"Browns","Reference",4,"Primrose",10892.5774097443,2023
"Browns","Reference",4,"NPV",1947.98474311829,2023
"Browns","Reference",4,"Riparian",988002.877211571,2023
"Browns","Reference",4,"Shadow",7382.74691104889,2023
"Browns","Reference",4,"Marsh Invaded by Primrose",36366.2240505219,2023
"Browns","Reference",4,"Alligatorweed",116175.965833664,2023
"Winter","Restored",5,"unclassified",5699.87251758575,2023
"Winter","Restored",5,"soil",5578.84387969971,2023
"Winter","Restored",5,"water",48117.52846241,2023
"Winter","Restored",5,"SAV",101030.096292496,2023
"Winter","Restored",5,"Emergent",1086635.45382023,2023
"Winter","Restored",5,"Hyacinth",5619.18675899506,2023
"Winter","Restored",5,"Spongeplant",847.200465202332,2023
"Winter","Restored",5,"Primrose",184113.374567032,2023
"Winter","Restored",5,"NPV",5619.18675899506,2023
"Winter","Restored",5,"Riparian",196124.026060104,2023
"Winter","Restored",5,"Shadow",10062.6667499542,2023
"Winter","Restored",5,"Marsh Invaded by Primrose",138335.733103752,2023
"Winter","Restored",5,"Alligatorweed",3031.47921562195,2023
"Browns","Reference",4,"unclassified",284.081128120422,2024
"Browns","Reference",4,"soil",493.760056018829,2024
"Browns","Reference",4,"water",61375.0513467789,2024
"Browns","Reference",4,"SAV",91237.3889813423,2024
"Browns","Reference",4,"Emergent",1907699.46903801,2024
"Browns","Reference",4,"Hyacinth",5681.62256240845,2024
"Browns","Reference",4,"Spongeplant",2265.88518857956,2024
"Browns","Reference",4,"Primrose",24573.0175824165,2024
"Browns","Reference",4,"NPV",1609.79305934906,2024
"Browns","Reference",4,"Riparian",454969.454357624,2024
"Browns","Reference",4,"Shadow",12925.6913294792,2024
"Browns","Reference",4,"Marsh Invaded by Primrose",62173.1840400696,2024
"Browns","Reference",4,"Alligatorweed",166748.858370304,2024
"Winter","Restored",5,"unclassified",27.0553455352783,2024
"Winter","Restored",5,"soil",9374.67722797394,2024
"Winter","Restored",5,"water",22712.9625768661,2024
"Winter","Restored",5,"SAV",118015.417224884,2024
"Winter","Restored",5,"Emergent",1053670.43187141,2024
"Winter","Restored",5,"Hyacinth",615.509110927582,2024
"Winter","Restored",5,"Spongeplant",331.427982807159,2024
"Winter","Restored",5,"Primrose",239514.210187435,2024
"Winter","Restored",5,"NPV",3043.72637271881,2024
"Winter","Restored",5,"Riparian",149873.086592674,2024
"Winter","Restored",5,"Shadow",21718.6786284447,2024
"Winter","Restored",5,"Marsh Invaded by Primrose",150962.064250469,2024
"Winter","Restored",5,"Alligatorweed",20778.5053710938,2024
"Decker","Restored",3,"unclassified",387.69281578064,2014
"Decker","Restored",3,"soil",17858.8819656372,2014
"Decker","Restored",3,"water",1857.1736497879,2014
"Decker","Restored",3,"SAV",675.335872650146,2014
"Decker","Restored",3,"Emergent",123680.261343956,2014
"Decker","Restored",3,"Hyacinth",631.564103126526,2014
"Decker","Restored",3,"Primrose",762.879411697388,2014
"Decker","Restored",3,"NPV",117983.678195953,2014
"Decker","Restored",3,"Riparian",347328.99116993,2014
"Decker","Restored",3,"Shadow",5427.69942092896,2014
"Decker","Restored",3,"soil",73955.531165123,2015
"Decker","Restored",3,"water",1538.26504325867,2015
"Decker","Restored",3,"SAV",42377.3260087967,2015
"Decker","Restored",3,"Emergent",271397.477266312,2015
"Decker","Restored",3,"Hyacinth",168.833968162537,2015
"Decker","Restored",3,"Spongeplant",25.0124397277832,2015
"Decker","Restored",3,"Primrose",787.891851425171,2015
"Decker","Restored",3,"NPV",208647.519099236,2015
"Decker","Restored",3,"Riparian",16464.4384508133,2015
"Decker","Restored",3,"Shadow",1231.86265659332,2015
"Decker","Restored",3,"unclassified",368.933485984802,2016
"Decker","Restored",3,"soil",10830.3864021301,2016
"Decker","Restored",3,"water",1338.1655254364,2016
"Decker","Restored",3,"SAV",9460.955327034,2016
"Decker","Restored",3,"Emergent",189394.193618774,2016
"Decker","Restored",3,"Hyacinth",2438.71287345886,2016
"Decker","Restored",3,"Primrose",6071.76974391937,2016
"Decker","Restored",3,"NPV",159448.050154686,2016
"Decker","Restored",3,"Riparian",230076.926836014,2016
"Decker","Restored",3,"Shadow",7034.74867343903,2016
"Decker","Restored",3,"unclassified",3295.38893413544,2017
"Decker","Restored",3,"soil",3658.06931018829,2017
"Decker","Restored",3,"water",1563.27748298645,2017
"Decker","Restored",3,"SAV",4483.47982120514,2017
"Decker","Restored",3,"Emergent",404494.922167778,2017
"Decker","Restored",3,"Hyacinth",925.460269927979,2017
"Decker","Restored",3,"Primrose",5534.00228977203,2017
"Decker","Restored",3,"NPV",89188.106959343,2017
"Decker","Restored",3,"Riparian",95722.6068382263,2017
"Decker","Restored",3,"Shadow",7728.84387588501,2017
"Decker","Restored",3,"unclassified",161.920528411865,2018
"Decker","Restored",3,"soil",9535.96254825592,2018
"Decker","Restored",3,"water",508.893089294434,2018
"Decker","Restored",3,"SAV",7454.12718296051,2018
"Decker","Restored",3,"Emergent",369092.061638832,2018
"Decker","Restored",3,"Hyacinth",2573.37982654572,2018
"Decker","Restored",3,"Primrose",3452.37698078156,2018
"Decker","Restored",3,"NPV",103877.801852226,2018
"Decker","Restored",3,"Riparian",112349.715213776,2018
"Decker","Restored",3,"Shadow",7480.1501250267,2018
"Decker","Restored",3,"soil",31.8058180809021,2019
"Decker","Restored",3,"water",413.475635051727,2019
"Decker","Restored",3,"SAV",7647.85352945328,2019
"Decker","Restored",3,"Emergent",417387.750675678,2019
"Decker","Restored",3,"Hyacinth",2417.24217414856,2019
"Decker","Restored",3,"Primrose",2029.78948116302,2019
"Decker","Restored",3,"NPV",71493.6961698532,2019
"Decker","Restored",3,"Riparian",114772.740263939,2019
"Decker","Restored",3,"Shadow",312.275304794312,2019
"Decker","Restored",3,"unclassified",180.089564323425,2020
"Decker","Restored",3,"soil",11357.6485233307,2020
"Decker","Restored",3,"water",2449.21807479858,2020
"Decker","Restored",3,"SAV",4706.34061431885,2020
"Decker","Restored",3,"Emergent",345695.925684929,2020
"Decker","Restored",3,"Hyacinth",8412.18364906311,2020
"Decker","Restored",3,"Primrose",1940.96530437469,2020
"Decker","Restored",3,"NPV",88183.8566637039,2020
"Decker","Restored",3,"Riparian",144751.989812851,2020
"Decker","Restored",3,"Shadow",128.063690185547,2020
"Decker","Restored",3,"Marsh Invaded by Primrose",8728.34088420868,2020
"Decker","Restored",3,"unclassified",280.139322280884,2021
"Decker","Restored",3,"soil",10525.2345371246,2021
"Decker","Restored",3,"SAV",6183.07504177094,2021
"Decker","Restored",3,"Emergent",168483.79240036,2021
"Decker","Restored",3,"Hyacinth",32.0159225463867,2021
"Decker","Restored",3,"Spongeplant",1388.69064044952,2021
"Decker","Restored",3,"Primrose",1000.49757957458,2021
"Decker","Restored",3,"NPV",109574.494915009,2021
"Decker","Restored",3,"Riparian",315020.669895172,2021
"Decker","Restored",3,"Shadow",832.413986206055,2021
"Decker","Restored",3,"Marsh Invaded by Primrose",3201.59225463867,2021
"Decker","Restored",3,"unclassified",408.203012466431,2022
"Decker","Restored",3,"soil",43105.4377183914,2022
"Decker","Restored",3,"water",704.350296020508,2022
"Decker","Restored",3,"SAV",1004.49956989288,2022
"Decker","Restored",3,"Emergent",446530.073744774,2022
"Decker","Restored",3,"Spongeplant",28.0139322280884,2022
"Decker","Restored",3,"Primrose",1180.58714389801,2022
"Decker","Restored",3,"NPV",54707.2076511383,2022
"Decker","Restored",3,"Riparian",66693.1686544418,2022
"Decker","Restored",3,"Shadow",2117.05287837982,2022
"Decker","Restored",3,"unclassified",391.874889373779,2023
"Decker","Restored",3,"soil",13404.4263629913,2023
"Decker","Restored",3,"water",1060.36734771729,2023
"Decker","Restored",3,"SAV",4471.98403167725,2023
"Decker","Restored",3,"Emergent",387253.070825577,2023
"Decker","Restored",3,"Hyacinth",149.834516525269,2023
"Decker","Restored",3,"Spongeplant",950.872893333435,2023
"Decker","Restored",3,"Primrose",8511.75311183929,2023
"Decker","Restored",3,"NPV",56136.0779027939,2023
"Decker","Restored",3,"Riparian",138331.835948944,2023
"Decker","Restored",3,"Shadow",1970.9001789093,2023
"Decker","Restored",3,"Marsh Invaded by Primrose",3855.35736751556,2023
"Decker","Restored",3,"Alligatorweed",28.8143301010132,2023
"Decker","Restored",3,"unclassified",74.3969969749451,2024
"Decker","Restored",3,"soil",17503.5843791962,2024
"Decker","Restored",3,"water",886.000600337982,2024
"Decker","Restored",3,"SAV",7940.18858623505,2024
"Decker","Restored",3,"Emergent",414039.578255653,2024
"Decker","Restored",3,"Hyacinth",2292.78017950058,2024
"Decker","Restored",3,"Spongeplant",716.916516304016,2024
"Decker","Restored",3,"Primrose",10861.961558342,2024
"Decker","Restored",3,"NPV",36704.7729620934,2024
"Decker","Restored",3,"Riparian",116228.399364948,2024
"Decker","Restored",3,"Shadow",1257.98558521271,2024
"Decker","Restored",3,"Marsh Invaded by Primrose",6864.81381177902,2024
"Decker","Restored",3,"Alligatorweed",1102.42822790146,2024
"Dutch Sl.","Planned",12,"unclassified",494901.128462791,2014
"Dutch Sl.","Planned",12,"soil",232124.424365044,2014
"Dutch Sl.","Planned",12,"water",1213.08491802216,2014
"Dutch Sl.","Planned",12,"SAV",4689.76128101349,2014
"Dutch Sl.","Planned",12,"Emergent",389625.367226601,2014
"Dutch Sl.","Planned",12,"Hyacinth",3157.77259588242,2014
"Dutch Sl.","Planned",12,"Primrose",26575.3139257431,2014
"Dutch Sl.","Planned",12,"NPV",280591.543950558,2014
"Dutch Sl.","Planned",12,"Riparian",3297933.92803431,2014
"Dutch Sl.","Planned",12,"Shadow",28901.4355211258,2014
"Dutch Sl.","Restored",13,"unclassified",9016.8476896286,2014
"Dutch Sl.","Restored",13,"soil",123722.155608177,2014
"Dutch Sl.","Restored",13,"water",287.638691902161,2014
"Dutch Sl.","Restored",13,"Emergent",232205.713560581,2014
"Dutch Sl.","Restored",13,"Hyacinth",181.337436199188,2014
"Dutch Sl.","Restored",13,"Primrose",293.891706943512,2014
"Dutch Sl.","Restored",13,"NPV",191392.284385681,2014
"Dutch Sl.","Restored",13,"Riparian",1200216.21306705,2014
"Dutch Sl.","Restored",13,"Shadow",750.361804962158,2014
"Dutch Sl.","Restored",14,"unclassified",45221.8047790527,2014
"Dutch Sl.","Restored",14,"soil",27106.820204258,2014
"Dutch Sl.","Restored",14,"water",75.0361804962158,2014
"Dutch Sl.","Restored",14,"SAV",2988.94118976593,2014
"Dutch Sl.","Restored",14,"Emergent",34729.2455396652,2014
"Dutch Sl.","Restored",14,"Hyacinth",881.675120830536,2014
"Dutch Sl.","Restored",14,"Primrose",1206.8319029808,2014
"Dutch Sl.","Restored",14,"NPV",5333.82183027267,2014
"Dutch Sl.","Restored",14,"Riparian",895681.874523163,2014
"Dutch Sl.","Restored",14,"Shadow",6315.54519176483,2014
"Dutch Sl.","Planned",15,"unclassified",1363.15727901459,2014
"Dutch Sl.","Planned",15,"soil",35961.0895028114,2014
"Dutch Sl.","Planned",15,"water",187.59045124054,2014
"Dutch Sl.","Planned",15,"SAV",137.566330909729,2014
"Dutch Sl.","Planned",15,"Emergent",74898.6141653061,2014
"Dutch Sl.","Planned",15,"Hyacinth",525.253263473511,2014
"Dutch Sl.","Planned",15,"Primrose",22423.3119382858,2014
"Dutch Sl.","Planned",15,"NPV",41832.6706266403,2014
"Dutch Sl.","Planned",15,"Riparian",1070866.34392166,2014
"Dutch Sl.","Planned",15,"Shadow",11911.9936537743,2014
"Dutch Sl.","Planned",12,"unclassified",397941.877231598,2015
"Dutch Sl.","Planned",12,"soil",866223.920663357,2015
"Dutch Sl.","Planned",12,"water",1632.03692579269,2015
"Dutch Sl.","Planned",12,"SAV",12137.1021952629,2015
"Dutch Sl.","Planned",12,"Emergent",2036757.07132912,2015
"Dutch Sl.","Planned",12,"Hyacinth",2988.94118976593,2015
"Dutch Sl.","Planned",12,"Spongeplant",1069.26557207108,2015
"Dutch Sl.","Planned",12,"Primrose",3720.54394960403,2015
"Dutch Sl.","Planned",12,"NPV",1325282.76690912,2015
"Dutch Sl.","Planned",12,"Riparian",100029.481616497,2015
"Dutch Sl.","Planned",12,"Shadow",11930.7526988983,2015
"Dutch Sl.","Restored",13,"unclassified",22598.3963594437,2015
"Dutch Sl.","Restored",13,"soil",629022.048084736,2015
"Dutch Sl.","Restored",13,"water",731.602759838104,2015
"Dutch Sl.","Restored",13,"SAV",181.337436199188,2015
"Dutch Sl.","Restored",13,"Emergent",333060.593162537,2015
"Dutch Sl.","Restored",13,"Hyacinth",12.5060300827026,2015
"Dutch Sl.","Restored",13,"Spongeplant",381.43391752243,2015
"Dutch Sl.","Restored",13,"Primrose",137.566330909729,2015
"Dutch Sl.","Restored",13,"NPV",740407.005016327,2015
"Dutch Sl.","Restored",13,"Riparian",29426.6887845993,2015
"Dutch Sl.","Restored",13,"Shadow",2107.26606893539,2015
"Dutch Sl.","Restored",14,"unclassified",40038.0553097725,2015
"Dutch Sl.","Restored",14,"soil",70621.5518770218,2015
"Dutch Sl.","Restored",14,"water",375.180902481079,2015
"Dutch Sl.","Restored",14,"SAV",8228.96779441833,2015
"Dutch Sl.","Restored",14,"Emergent",724874.51565361,2015
"Dutch Sl.","Restored",14,"Hyacinth",12.5060300827026,2015
"Dutch Sl.","Restored",14,"Spongeplant",6.25301504135132,2015
"Dutch Sl.","Restored",14,"Primrose",81.2891955375671,2015
"Dutch Sl.","Restored",14,"NPV",160633.703397274,2015
"Dutch Sl.","Restored",14,"Riparian",13975.4886174202,2015
"Dutch Sl.","Restored",14,"Shadow",694.084669589996,2015
"Dutch Sl.","Planned",15,"soil",65900.5255208015,2015
"Dutch Sl.","Planned",15,"water",325.156782150269,2015
"Dutch Sl.","Planned",15,"SAV",1056.75954198837,2015
"Dutch Sl.","Planned",15,"Emergent",856362.915943146,2015
"Dutch Sl.","Planned",15,"Hyacinth",731.602759838104,2015
"Dutch Sl.","Planned",15,"Spongeplant",387.686932563782,2015
"Dutch Sl.","Planned",15,"Primrose",1194.3258728981,2015
"Dutch Sl.","Planned",15,"NPV",287282.270044804,2015
"Dutch Sl.","Planned",15,"Riparian",42720.5987625122,2015
"Dutch Sl.","Planned",15,"Shadow",4145.74897241592,2015
"Dutch Sl.","Planned",12,"unclassified",320573.322124958,2016
"Dutch Sl.","Planned",12,"soil",223238.889991283,2016
"Dutch Sl.","Planned",12,"water",93.7952256202698,2016
"Dutch Sl.","Planned",12,"SAV",2407.41079092026,2016
"Dutch Sl.","Planned",12,"Emergent",302846.024482727,2016
"Dutch Sl.","Planned",12,"Hyacinth",20678.7207417488,2016
"Dutch Sl.","Planned",12,"Primrose",15282.3687610626,2016
"Dutch Sl.","Planned",12,"NPV",1660075.44523811,2016
"Dutch Sl.","Planned",12,"Riparian",2187292.15543461,2016
"Dutch Sl.","Planned",12,"Shadow",26931.7357831001,2016
"Dutch Sl.","Restored",13,"unclassified",14713.3443922997,2016
"Dutch Sl.","Restored",13,"soil",62880.3192558289,2016
"Dutch Sl.","Restored",13,"SAV",25.0120601654053,2016
"Dutch Sl.","Restored",13,"Emergent",61779.788608551,2016
"Dutch Sl.","Restored",13,"Hyacinth",9129.40196037292,2016
"Dutch Sl.","Restored",13,"Primrose",4721.02635622025,2016
"Dutch Sl.","Restored",13,"NPV",1045572.8980794,2016
"Dutch Sl.","Restored",13,"Riparian",557962.785154819,2016
"Dutch Sl.","Restored",13,"Shadow",1732.08516645432,2016
"Dutch Sl.","Restored",14,"unclassified",10942.7763223648,2016
"Dutch Sl.","Restored",14,"soil",26212.6390533447,2016
"Dutch Sl.","Restored",14,"SAV",56.2771353721619,2016
"Dutch Sl.","Restored",14,"Emergent",112085.294616222,2016
"Dutch Sl.","Restored",14,"Hyacinth",819.144970417023,2016
"Dutch Sl.","Restored",14,"Primrose",1419.43441438675,2016
"Dutch Sl.","Restored",14,"NPV",296561.744366169,2016
"Dutch Sl.","Restored",14,"Riparian",571075.357696533,2016
"Dutch Sl.","Restored",14,"Shadow",318.903767108917,2016
"Dutch Sl.","Planned",15,"unclassified",6959.60574102402,2016
"Dutch Sl.","Planned",15,"soil",58947.1727948189,2016
"Dutch Sl.","Planned",15,"SAV",1225.59094810486,2016
"Dutch Sl.","Planned",15,"Emergent",85860.149532795,2016
"Dutch Sl.","Planned",15,"Hyacinth",5577.68941688538,2016
"Dutch Sl.","Planned",15,"Primrose",5396.35198068619,2016
"Dutch Sl.","Planned",15,"NPV",190279.247708321,2016
"Dutch Sl.","Planned",15,"Riparian",894887.741612911,2016
"Dutch Sl.","Planned",15,"Shadow",10855.2341117859,2016
"Dutch Sl.","Planned",12,"unclassified",630485.253604412,2017
"Dutch Sl.","Planned",12,"soil",738731.196985245,2017
"Dutch Sl.","Planned",12,"water",150.072360992432,2017
"Dutch Sl.","Planned",12,"SAV",12124.5961651802,2017
"Dutch Sl.","Planned",12,"Emergent",464461.451241493,2017
"Dutch Sl.","Planned",12,"Hyacinth",2676.29043769836,2017
"Dutch Sl.","Planned",12,"Primrose",52118.8803696632,2017
"Dutch Sl.","Planned",12,"NPV",2016259.68802357,2017
"Dutch Sl.","Planned",12,"Riparian",819251.271672726,2017
"Dutch Sl.","Planned",12,"Shadow",23480.0714802742,2017
"Dutch Sl.","Restored",13,"unclassified",44771.5876960754,2017
"Dutch Sl.","Restored",13,"soil",454131.470393181,2017
"Dutch Sl.","Restored",13,"water",87.5422105789185,2017
"Dutch Sl.","Restored",13,"SAV",7022.13589143753,2017
"Dutch Sl.","Restored",13,"Emergent",110184.378043652,2017
"Dutch Sl.","Restored",13,"Hyacinth",1069.26557207108,2017
"Dutch Sl.","Restored",13,"Primrose",1175.56682777405,2017
"Dutch Sl.","Restored",13,"NPV",1080839.90291262,2017
"Dutch Sl.","Restored",13,"Riparian",56258.3763270378,2017
"Dutch Sl.","Restored",13,"Shadow",2620.0133023262,2017
"Dutch Sl.","Restored",14,"unclassified",89793.2959938049,2017
"Dutch Sl.","Restored",14,"soil",76905.8319935799,2017
"Dutch Sl.","Restored",14,"SAV",2157.2901892662,2017
"Dutch Sl.","Restored",14,"Emergent",166786.670197964,2017
"Dutch Sl.","Restored",14,"Hyacinth",93.7952256202698,2017
"Dutch Sl.","Restored",14,"Primrose",2488.69998645782,2017
"Dutch Sl.","Restored",14,"NPV",592116.75331068,2017
"Dutch Sl.","Restored",14,"Riparian",88805.3196172714,2017
"Dutch Sl.","Restored",14,"Shadow",368.927887439728,2017
"Dutch Sl.","Planned",15,"unclassified",29901.917927742,2017
"Dutch Sl.","Planned",15,"soil",77237.2417907715,2017
"Dutch Sl.","Planned",15,"water",6.25301504135132,2017
"Dutch Sl.","Planned",15,"SAV",1694.56707620621,2017
"Dutch Sl.","Planned",15,"Emergent",160208.498374462,2017
"Dutch Sl.","Planned",15,"Hyacinth",937.952256202698,2017
"Dutch Sl.","Planned",15,"Primrose",46209.7811555862,2017
"Dutch Sl.","Planned",15,"NPV",268166.803063393,2017
"Dutch Sl.","Planned",15,"Riparian",664264.040857792,2017
"Dutch Sl.","Planned",15,"Shadow",11474.2826008797,2017
"Dutch Sl.","Planned",12,"unclassified",1173.90602016449,2018
"Dutch Sl.","Planned",12,"soil",2029238.2341671,2018
"Dutch Sl.","Planned",12,"water",39745.1038255692,2018
"Dutch Sl.","Planned",12,"SAV",11961.6975502968,2018
"Dutch Sl.","Planned",12,"Emergent",1451277.45985508,2018
"Dutch Sl.","Planned",12,"Hyacinth",6777.42786026001,2018
"Dutch Sl.","Planned",12,"Primrose",57347.9113397598,2018
"Dutch Sl.","Planned",12,"NPV",703901.228795528,2018
"Dutch Sl.","Planned",12,"Riparian",436082.955338001,2018
"Dutch Sl.","Planned",12,"Shadow",22153.8618879318,2018
"Dutch Sl.","Restored",13,"unclassified",523.342339038849,2018
"Dutch Sl.","Restored",13,"soil",1317394.34567356,2018
"Dutch Sl.","Restored",13,"water",38299.4067564011,2018
"Dutch Sl.","Restored",13,"SAV",6216.49739742279,2018
"Dutch Sl.","Restored",13,"Emergent",109696.602214336,2018
"Dutch Sl.","Restored",13,"Hyacinth",52.0450944900513,2018
"Dutch Sl.","Restored",13,"Primrose",1156.55765533447,2018
"Dutch Sl.","Restored",13,"NPV",243400.449959278,2018
"Dutch Sl.","Restored",13,"Riparian",38793.8351540565,2018
"Dutch Sl.","Restored",13,"Shadow",2475.03338241577,2018
"Dutch Sl.","Restored",14,"unclassified",60.7192769050598,2018
"Dutch Sl.","Restored",14,"soil",477080.03282547,2018
"Dutch Sl.","Restored",14,"water",17.3483648300171,2018
"Dutch Sl.","Restored",14,"SAV",179.266436576843,2018
"Dutch Sl.","Restored",14,"Emergent",288147.665644169,2018
"Dutch Sl.","Restored",14,"Hyacinth",387.446814537048,2018
"Dutch Sl.","Restored",14,"Primrose",445.274697303772,2018
"Dutch Sl.","Restored",14,"NPV",195883.278689861,2018
"Dutch Sl.","Restored",14,"Riparian",57090.5772614479,2018
"Dutch Sl.","Restored",14,"Shadow",127.221342086792,2018
"Dutch Sl.","Planned",15,"unclassified",245.768501758575,2018
"Dutch Sl.","Planned",15,"soil",26863.9429392815,2018
"Dutch Sl.","Planned",15,"water",118.547159671783,2018
"Dutch Sl.","Planned",15,"SAV",2584.90635967255,2018
"Dutch Sl.","Planned",15,"Emergent",754766.634477139,2018
"Dutch Sl.","Planned",15,"Hyacinth",2281.30997514725,2018
"Dutch Sl.","Planned",15,"Primrose",51666.3218579292,2018
"Dutch Sl.","Planned",15,"NPV",141079.794191837,2018
"Dutch Sl.","Planned",15,"Riparian",270461.007699966,2018
"Dutch Sl.","Planned",15,"Shadow",9978.20117139816,2018
"Dutch Sl.","Planned",12,"soil",2227645.69993973,2019
"Dutch Sl.","Planned",12,"water",11386.3101167679,2019
"Dutch Sl.","Planned",12,"SAV",89867.4212136269,2019
"Dutch Sl.","Planned",12,"Emergent",1263886.20574951,2019
"Dutch Sl.","Planned",12,"Hyacinth",35390.6642532349,2019
"Dutch Sl.","Planned",12,"Primrose",14925.3765420914,2019
"Dutch Sl.","Planned",12,"NPV",529156.932651043,2019
"Dutch Sl.","Planned",12,"Riparian",572079.678634644,2019
"Dutch Sl.","Planned",12,"Shadow",15625.0939235687,2019
"Dutch Sl.","Restored",13,"soil",1409543.07686234,2019
"Dutch Sl.","Restored",13,"water",9272.70100164413,2019
"Dutch Sl.","Restored",13,"SAV",38464.2162222862,2019
"Dutch Sl.","Restored",13,"Emergent",94933.1437439919,2019
"Dutch Sl.","Restored",13,"Hyacinth",15142.2311024666,2019
"Dutch Sl.","Restored",13,"Primrose",72.2848534584045,2019
"Dutch Sl.","Restored",13,"NPV",121525.29563427,2019
"Dutch Sl.","Restored",13,"Riparian",63486.3410954475,2019
"Dutch Sl.","Restored",13,"Shadow",5294.14266729355,2019
"Dutch Sl.","Restored",14,"soil",586817.114557743,2019
"Dutch Sl.","Restored",14,"water",1026.44491910934,2019
"Dutch Sl.","Restored",14,"SAV",41057.7967643738,2019
"Dutch Sl.","Restored",14,"Emergent",197167.057687283,2019
"Dutch Sl.","Restored",14,"Hyacinth",10764.6603770256,2019
"Dutch Sl.","Restored",14,"Primrose",5210.2922372818,2019
"Dutch Sl.","Restored",14,"NPV",114082.847122192,2019
"Dutch Sl.","Restored",14,"Riparian",55656.4457688332,2019
"Dutch Sl.","Restored",14,"Shadow",7650.62889003754,2019
"Dutch Sl.","Planned",15,"soil",29414.152569294,2019
"Dutch Sl.","Planned",15,"water",104.090188980103,2019
"Dutch Sl.","Planned",15,"SAV",2194.56815099716,2019
"Dutch Sl.","Planned",15,"Emergent",700460.469770908,2019
"Dutch Sl.","Planned",15,"Hyacinth",6063.25350809097,2019
"Dutch Sl.","Planned",15,"Primrose",6288.7822508812,2019
"Dutch Sl.","Planned",15,"NPV",148334.302084923,2019
"Dutch Sl.","Planned",15,"Riparian",366426.379151344,2019
"Dutch Sl.","Planned",15,"Shadow",913.680547714233,2019
"Dutch Sl.","Planned",12,"unclassified",5158.48746061325,2020
"Dutch Sl.","Planned",12,"soil",739052.376494408,2020
"Dutch Sl.","Planned",12,"water",154146.330494881,2020
"Dutch Sl.","Planned",12,"SAV",552950.636866093,2020
"Dutch Sl.","Planned",12,"Emergent",877114.951283932,2020
"Dutch Sl.","Planned",12,"Hyacinth",269321.868987083,2020
"Dutch Sl.","Planned",12,"Primrose",6643.20340156555,2020
"Dutch Sl.","Planned",12,"NPV",886283.372364044,2020
"Dutch Sl.","Planned",12,"Riparian",1204048.60109568,2020
"Dutch Sl.","Planned",12,"Shadow",196.094558238983,2020
"Dutch Sl.","Planned",12,"Marsh Invaded by Primrose",64847.2698307037,2020
"Dutch Sl.","Restored",13,"unclassified",2353.1346988678,2020
"Dutch Sl.","Restored",13,"soil",376901.744794846,2020
"Dutch Sl.","Restored",13,"water",104302.295334339,2020
"Dutch Sl.","Restored",13,"SAV",315224.003334045,2020
"Dutch Sl.","Restored",13,"Emergent",348536.066656113,2020
"Dutch Sl.","Restored",13,"Hyacinth",169149.565165043,2020
"Dutch Sl.","Restored",13,"Primrose",424.2045545578,2020
"Dutch Sl.","Restored",13,"NPV",257688.259174824,2020
"Dutch Sl.","Restored",13,"Riparian",148191.459012032,2020
"Dutch Sl.","Restored",13,"Shadow",52.0250868797302,2020
"Dutch Sl.","Restored",13,"Marsh Invaded by Primrose",35593.1632852554,2020
"Dutch Sl.","Restored",14,"unclassified",2016.97259902954,2020
"Dutch Sl.","Restored",14,"soil",127281.37601614,2020
"Dutch Sl.","Restored",14,"water",45974.1690826416,2020
"Dutch Sl.","Restored",14,"SAV",230166.988215446,2020
"Dutch Sl.","Restored",14,"Emergent",237558.552482128,2020
"Dutch Sl.","Restored",14,"Hyacinth",83616.3204050064,2020
"Dutch Sl.","Restored",14,"Primrose",948.457353115082,2020
"Dutch Sl.","Restored",14,"NPV",201317.076575756,2020
"Dutch Sl.","Restored",14,"Riparian",84004.5075917244,2020
"Dutch Sl.","Restored",14,"Shadow",12.0057892799377,2020
"Dutch Sl.","Restored",14,"Marsh Invaded by Primrose",6543.15515756607,2020
"Dutch Sl.","Planned",15,"unclassified",380.183327198029,2020
"Dutch Sl.","Planned",15,"soil",46450.3987240791,2020
"Dutch Sl.","Planned",15,"water",16.007719039917,2020
"Dutch Sl.","Planned",15,"SAV",1148.55384111404,2020
"Dutch Sl.","Planned",15,"Emergent",217680.967364311,2020
"Dutch Sl.","Planned",15,"Hyacinth",10461.0443925858,2020
"Dutch Sl.","Planned",15,"Primrose",1092.52682447433,2020
"Dutch Sl.","Planned",15,"NPV",224140.081996918,2020
"Dutch Sl.","Planned",15,"Riparian",737447.602660656,2020
"Dutch Sl.","Planned",15,"Shadow",24.0115785598755,2020
"Dutch Sl.","Planned",15,"Marsh Invaded by Primrose",21290.2663230896,2020
"Dutch Sl.","Planned",12,"unclassified",8436.06793403625,2021
"Dutch Sl.","Planned",12,"soil",406956.23729229,2021
"Dutch Sl.","Planned",12,"water",203810.278816223,2021
"Dutch Sl.","Planned",12,"SAV",178826.231324673,2021
"Dutch Sl.","Planned",12,"Emergent",1198137.75084019,2021
"Dutch Sl.","Planned",12,"Hyacinth",29009.9888300896,2021
"Dutch Sl.","Planned",12,"Spongeplant",2877.38749742508,2021
"Dutch Sl.","Planned",12,"Primrose",21334.2875504494,2021
"Dutch Sl.","Planned",12,"NPV",804471.922280788,2021
"Dutch Sl.","Planned",12,"Riparian",1294092.02069521,2021
"Dutch Sl.","Planned",12,"Shadow",89799.3018841743,2021
"Dutch Sl.","Planned",12,"Marsh Invaded by Primrose",522187.802801132,2021
"Dutch Sl.","Restored",13,"unclassified",3581.72713518143,2021
"Dutch Sl.","Restored",13,"soil",173515.67053318,2021
"Dutch Sl.","Restored",13,"water",200856.854653358,2021
"Dutch Sl.","Restored",13,"SAV",156259.34940815,2021
"Dutch Sl.","Restored",13,"Emergent",409817.617070675,2021
"Dutch Sl.","Restored",13,"Hyacinth",8207.95793771744,2021
"Dutch Sl.","Restored",13,"Spongeplant",1304.62910175323,2021
"Dutch Sl.","Restored",13,"Primrose",6551.15901708603,2021
"Dutch Sl.","Restored",13,"NPV",275244.725031853,2021
"Dutch Sl.","Restored",13,"Riparian",287002.394666672,2021
"Dutch Sl.","Restored",13,"Shadow",42932.7024650574,2021
"Dutch Sl.","Restored",13,"Marsh Invaded by Primrose",193137.132146358,2021
"Dutch Sl.","Restored",14,"unclassified",1908.9204955101,2021
"Dutch Sl.","Restored",14,"soil",31683.2779097557,2021
"Dutch Sl.","Restored",14,"water",560.270166397095,2021
"Dutch Sl.","Restored",14,"SAV",12165.8664703369,2021
"Dutch Sl.","Restored",14,"Emergent",270910.635101795,2021
"Dutch Sl.","Restored",14,"Hyacinth",17992.6762008667,2021
"Dutch Sl.","Restored",14,"Spongeplant",1076.51910543442,2021
"Dutch Sl.","Restored",14,"Primrose",9088.38248491287,2021
"Dutch Sl.","Restored",14,"NPV",116067.968828678,2021
"Dutch Sl.","Restored",14,"Riparian",217861.05420351,2021
"Dutch Sl.","Restored",14,"Shadow",32531.6870188713,2021
"Dutch Sl.","Restored",14,"Marsh Invaded by Primrose",307544.300124645,2021
"Dutch Sl.","Planned",15,"unclassified",1656.79892063141,2021
"Dutch Sl.","Planned",15,"soil",44253.3392858505,2021
"Dutch Sl.","Planned",15,"water",104.05017375946,2021
"Dutch Sl.","Planned",15,"SAV",3885.87379693985,2021
"Dutch Sl.","Planned",15,"Emergent",363147.112209797,2021
"Dutch Sl.","Planned",15,"Hyacinth",856.412968635559,2021
"Dutch Sl.","Planned",15,"Spongeplant",348.167889118195,2021
"Dutch Sl.","Planned",15,"Primrose",1868.90119791031,2021
"Dutch Sl.","Planned",15,"NPV",218401.314721107,2021
"Dutch Sl.","Planned",15,"Riparian",603354.942193031,2021
"Dutch Sl.","Planned",15,"Shadow",8436.06793403625,2021
"Dutch Sl.","Planned",15,"Marsh Invaded by Primrose",13914.7097754478,2021
"Dutch Sl.","Planned",12,"unclassified",4534.18641805649,2022
"Dutch Sl.","Planned",12,"soil",413679.479289055,2022
"Dutch Sl.","Planned",12,"water",328706.504695415,2022
"Dutch Sl.","Planned",12,"SAV",53093.6021256447,2022
"Dutch Sl.","Planned",12,"Emergent",2549629.45008278,2022
"Dutch Sl.","Planned",12,"Hyacinth",7607.66847372055,2022
"Dutch Sl.","Planned",12,"Spongeplant",2717.31030702591,2022
"Dutch Sl.","Planned",12,"Primrose",12958.2485628128,2022
"Dutch Sl.","Planned",12,"NPV",486494.591271877,2022
"Dutch Sl.","Planned",12,"Riparian",881609.118404388,2022
"Dutch Sl.","Planned",12,"Shadow",18741.0370659828,2022
"Dutch Sl.","Restored",13,"unclassified",2821.36048078537,2022
"Dutch Sl.","Restored",13,"soil",131431.377177238,2022
"Dutch Sl.","Restored",13,"water",327265.809981823,2022
"Dutch Sl.","Restored",13,"SAV",30158.5426712036,2022
"Dutch Sl.","Restored",13,"Emergent",1037760.41570902,2022
"Dutch Sl.","Restored",13,"Hyacinth",4222.03589677811,2022
"Dutch Sl.","Restored",13,"Spongeplant",852.41103887558,2022
"Dutch Sl.","Restored",13,"Primrose",2669.28714990616,2022
"Dutch Sl.","Restored",13,"NPV",116468.161804676,2022
"Dutch Sl.","Restored",13,"Riparian",94765.6967163086,2022
"Dutch Sl.","Restored",13,"Shadow",9612.63528347015,2022
"Dutch Sl.","Restored",14,"unclassified",708.341567516327,2022
"Dutch Sl.","Restored",14,"soil",65383.528418541,2022
"Dutch Sl.","Restored",14,"water",28.0135083198547,2022
"Dutch Sl.","Restored",14,"SAV",21098.1736946106,2022
"Dutch Sl.","Restored",14,"Emergent",726462.305469513,2022
"Dutch Sl.","Restored",14,"Hyacinth",812.391741275787,2022
"Dutch Sl.","Restored",14,"Spongeplant",336.162099838257,2022
"Dutch Sl.","Restored",14,"Primrose",572.275955677032,2022
"Dutch Sl.","Restored",14,"NPV",46426.3871455193,2022
"Dutch Sl.","Restored",14,"Riparian",156939.677467346,2022
"Dutch Sl.","Restored",14,"Shadow",720.347356796265,2022
"Dutch Sl.","Planned",15,"unclassified",428.20648431778,2022
"Dutch Sl.","Planned",15,"soil",84000.5056619644,2022
"Dutch Sl.","Planned",15,"SAV",120.057892799377,2022
"Dutch Sl.","Planned",15,"Emergent",618670.327384472,2022
"Dutch Sl.","Planned",15,"Hyacinth",200.096487998962,2022
"Dutch Sl.","Planned",15,"Spongeplant",500.241219997406,2022
"Dutch Sl.","Planned",15,"Primrose",3445.66152334213,2022
"Dutch Sl.","Planned",15,"NPV",130282.823336124,2022
"Dutch Sl.","Planned",15,"Riparian",419750.406734943,2022
"Dutch Sl.","Planned",15,"Shadow",2717.31030702591,2022
"Dutch Sl.","Planned",12,"unclassified",7618.39351940155,2023
"Dutch Sl.","Planned",12,"soil",201881.665485382,2023
"Dutch Sl.","Planned",12,"water",271882.139070988,2023
"Dutch Sl.","Planned",12,"SAV",233588.474217415,2023
"Dutch Sl.","Planned",12,"Emergent",2666846.88908243,2023
"Dutch Sl.","Planned",12,"Hyacinth",64168.5414814949,2023
"Dutch Sl.","Planned",12,"Spongeplant",4350.89796304703,2023
"Dutch Sl.","Planned",12,"Primrose",269444.48365593,2023
"Dutch Sl.","Planned",12,"NPV",338649.693772793,2023
"Dutch Sl.","Planned",12,"Riparian",634101.597968102,2023
"Dutch Sl.","Planned",12,"Shadow",37360.0946946144,2023
"Dutch Sl.","Planned",12,"Marsh Invaded by Primrose",22912.8083457947,2023
"Dutch Sl.","Planned",12,"Alligatorweed",7191.94789123535,2023
"Dutch Sl.","Restored",13,"unclassified",4131.91237020493,2023
"Dutch Sl.","Restored",13,"soil",65810.9334278107,2023
"Dutch Sl.","Restored",13,"water",270026.524310589,2023
"Dutch Sl.","Restored",13,"SAV",113492.164879799,2023
"Dutch Sl.","Restored",13,"Emergent",955808.722189426,2023
"Dutch Sl.","Restored",13,"Hyacinth",28491.1781845093,2023
"Dutch Sl.","Restored",13,"Spongeplant",1561.71304368973,2023
"Dutch Sl.","Restored",13,"Primrose",55478.2711129189,2023
"Dutch Sl.","Restored",13,"NPV",101730.333432674,2023
"Dutch Sl.","Restored",13,"Riparian",129351.332024574,2023
"Dutch Sl.","Restored",13,"Shadow",19247.681055069,2023
"Dutch Sl.","Restored",13,"Marsh Invaded by Primrose",12833.708296299,2023
"Dutch Sl.","Restored",13,"Alligatorweed",259.325044155121,2023
"Dutch Sl.","Restored",14,"unclassified",1365.77856588364,2023
"Dutch Sl.","Restored",14,"soil",19547.3455505371,2023
"Dutch Sl.","Restored",14,"water",391.868955612183,2023
"Dutch Sl.","Restored",14,"SAV",98595.3817877769,2023
"Dutch Sl.","Restored",14,"Emergent",582870.494800568,2023
"Dutch Sl.","Restored",14,"Hyacinth",29447.7994585037,2023
"Dutch Sl.","Restored",14,"Spongeplant",322.71561050415,2023
"Dutch Sl.","Restored",14,"Primrose",20538.5434970856,2023
"Dutch Sl.","Restored",14,"NPV",36633.9845709801,2023
"Dutch Sl.","Restored",14,"Riparian",203501.006316662,2023
"Dutch Sl.","Restored",14,"Shadow",14187.9613046646,2023
"Dutch Sl.","Restored",14,"Marsh Invaded by Primrose",5417.01203346252,2023
"Dutch Sl.","Restored",14,"Alligatorweed",6684.82336044312,2023
"Dutch Sl.","Planned",15,"unclassified",1089.16518545151,2023
"Dutch Sl.","Planned",15,"soil",27085.0601673126,2023
"Dutch Sl.","Planned",15,"SAV",14470.3374638557,2023
"Dutch Sl.","Planned",15,"Emergent",860463.547621727,2023
"Dutch Sl.","Planned",15,"Hyacinth",2518.33431768417,2023
"Dutch Sl.","Planned",15,"Spongeplant",2068.83757448196,2023
"Dutch Sl.","Planned",15,"Primrose",94745.8455767632,2023
"Dutch Sl.","Planned",15,"NPV",70259.7986297607,2023
"Dutch Sl.","Planned",15,"Riparian",183613.656819344,2023
"Dutch Sl.","Planned",15,"Shadow",1659.68028259277,2023
"Dutch Sl.","Planned",15,"Marsh Invaded by Primrose",2195.61870718002,2023
"Dutch Sl.","Planned",15,"Alligatorweed",92.204460144043,2023
"Dutch Sl.","Planned",12,"unclassified",628.983302593231,2024
"Dutch Sl.","Planned",12,"soil",324007.559971333,2024
"Dutch Sl.","Planned",12,"water",334558.247627735,2024
"Dutch Sl.","Planned",12,"SAV",187362.628298283,2024
"Dutch Sl.","Planned",12,"Emergent",1883933.49323177,2024
"Dutch Sl.","Planned",12,"Hyacinth",91615.1378164291,2024
"Dutch Sl.","Planned",12,"Spongeplant",1115.93811750412,2024
"Dutch Sl.","Planned",12,"Primrose",85555.2556753159,2024
"Dutch Sl.","Planned",12,"NPV",365094.372479439,2024
"Dutch Sl.","Planned",12,"Riparian",1463170.71684217,2024
"Dutch Sl.","Planned",12,"Shadow",4010.61396169662,2024
"Dutch Sl.","Planned",12,"Marsh Invaded by Primrose",7899.48921966553,2024
"Dutch Sl.","Planned",12,"Alligatorweed",10165.1817612648,2024
"Dutch Sl.","Restored",13,"unclassified",81.1591358184814,2024
"Dutch Sl.","Restored",13,"soil",86062.5002741814,2024
"Dutch Sl.","Restored",13,"water",307708.100194454,2024
"Dutch Sl.","Restored",13,"SAV",88287.6132478714,2024
"Dutch Sl.","Restored",13,"Emergent",935683.676851273,2024
"Dutch Sl.","Restored",13,"Hyacinth",54072.2742390633,2024
"Dutch Sl.","Restored",13,"Spongeplant",270.530452728271,2024
"Dutch Sl.","Restored",13,"Primrose",24875.2751283646,2024
"Dutch Sl.","Restored",13,"NPV",103329.106419563,2024
"Dutch Sl.","Restored",13,"Riparian",155467.087921619,2024
"Dutch Sl.","Restored",13,"Shadow",500.481337547302,2024
"Dutch Sl.","Restored",13,"Marsh Invaded by Primrose",1034.77898168564,2024
"Dutch Sl.","Restored",13,"Alligatorweed",40.5795679092407,2024
"Dutch Sl.","Restored",14,"unclassified",47.3428292274475,2024
"Dutch Sl.","Restored",14,"soil",28980.5747485161,2024
"Dutch Sl.","Restored",14,"water",25450.1523404121,2024
"Dutch Sl.","Restored",14,"SAV",90242.1957688332,2024
"Dutch Sl.","Restored",14,"Emergent",667330.994267464,2024
"Dutch Sl.","Restored",14,"Hyacinth",15000.9136037827,2024
"Dutch Sl.","Restored",14,"Spongeplant",568.11395072937,2024
"Dutch Sl.","Restored",14,"Primrose",46450.0787334442,2024
"Dutch Sl.","Restored",14,"NPV",22420.2112698555,2024
"Dutch Sl.","Restored",14,"Riparian",108678.846122265,2024
"Dutch Sl.","Restored",14,"Shadow",142.028487682343,2024
"Dutch Sl.","Restored",14,"Marsh Invaded by Primrose",4159.40571069717,2024
"Dutch Sl.","Restored",14,"Alligatorweed",9948.75739908218,2024
"Dutch Sl.","Planned",15,"unclassified",223.187623500824,2024
"Dutch Sl.","Planned",15,"soil",45509.9854102135,2024
"Dutch Sl.","Planned",15,"water",6.76326131820679,2024
"Dutch Sl.","Planned",15,"SAV",2015.45187282562,2024
"Dutch Sl.","Planned",15,"Emergent",209032.117561817,2024
"Dutch Sl.","Planned",15,"Hyacinth",19539.0619482994,2024
"Dutch Sl.","Planned",15,"Spongeplant",47.3428292274475,2024
"Dutch Sl.","Planned",15,"Primrose",7229.92634916306,2024
"Dutch Sl.","Planned",15,"NPV",104573.546502113,2024
"Dutch Sl.","Planned",15,"Riparian",870607.576447487,2024
"Dutch Sl.","Planned",15,"Shadow",1028.01572036743,2024
"Dutch Sl.","Planned",15,"Marsh Invaded by Primrose",466.665030956268,2024
"Dutch Sl.","Planned",15,"Alligatorweed",101.448919773102,2024
"LICB","Restored",1,"unclassified",268.88512134552,2014
"LICB","Restored",1,"soil",700.351943969727,2014
"LICB","Restored",1,"water",72749.0581798553,2014
"LICB","Restored",1,"SAV",62.5314235687256,2014
"LICB","Restored",1,"Emergent",214020.05030632,2014
"LICB","Restored",1,"Hyacinth",62.5314235687256,2014
"LICB","Restored",1,"Primrose",43.7719964981079,2014
"LICB","Restored",1,"NPV",249462.861185074,2014
"LICB","Restored",1,"Riparian",35699.1897153854,2014
"LICB","Restored",1,"Shadow",25600.3648090363,2014
"Liberty","Reference",7,"unclassified",19578.588719368,2014
"Liberty","Reference",7,"soil",2288.65010261536,2014
"Liberty","Reference",7,"water",11612523.0766773,2014
"Liberty","Reference",7,"SAV",1019162.15389252,2014
"Liberty","Reference",7,"Emergent",1489736.1288166,2014
"Liberty","Reference",7,"Hyacinth",44734.9804210663,2014
"Liberty","Reference",7,"Primrose",205703.37097168,2014
"Liberty","Reference",7,"NPV",1887379.70443249,2014
"Liberty","Reference",7,"Riparian",566203.28098774,2014
"Liberty","Reference",7,"Shadow",218359.73110199,2014
"Flyway Farms","Restored",10,"unclassified",3939.47968482971,2014
"Flyway Farms","Restored",10,"soil",556.529669761658,2014
"Flyway Farms","Restored",10,"water",11680.8699226379,2014
"Flyway Farms","Restored",10,"SAV",8329.18561935425,2014
"Flyway Farms","Restored",10,"Emergent",556479.644622803,2014
"Flyway Farms","Restored",10,"Hyacinth",2132.32154369354,2014
"Flyway Farms","Restored",10,"Primrose",3145.3306055069,2014
"Flyway Farms","Restored",10,"NPV",179227.566232681,2014
"Flyway Farms","Restored",10,"Riparian",642773.009147644,2014
"Flyway Farms","Restored",10,"Shadow",68446.896238327,2014
"Lower Yolo Ranch","Restored",11,"unclassified",11018.0368328094,2014
"Lower Yolo Ranch","Restored",11,"soil",246936.591672897,2014
"Lower Yolo Ranch","Restored",11,"water",8360.45133113861,2014
"Lower Yolo Ranch","Restored",11,"SAV",9767.40836143494,2014
"Lower Yolo Ranch","Restored",11,"Emergent",2186473.75650406,2014
"Lower Yolo Ranch","Restored",11,"Hyacinth",2682.59807109833,2014
"Lower Yolo Ranch","Restored",11,"Primrose",1275415.92767715,2014
"Lower Yolo Ranch","Restored",11,"NPV",578640.781135559,2014
"Lower Yolo Ranch","Restored",11,"Riparian",9148165.9269762,2014
"Lower Yolo Ranch","Restored",11,"Shadow",172780.576462746,2014
"LICB","Restored",1,"soil",2932.72376537323,2015
"LICB","Restored",1,"water",82116.2654304504,2015
"LICB","Restored",1,"SAV",4558.5407781601,2015
"LICB","Restored",1,"Emergent",148749.750385284,2015
"LICB","Restored",1,"Hyacinth",375.188541412354,2015
"LICB","Restored",1,"Primrose",6309.42063808441,2015
"LICB","Restored",1,"NPV",312632.1052742,2015
"LICB","Restored",1,"Riparian",40270.2367782593,2015
"LICB","Restored",1,"Shadow",725.364513397217,2015
"Liberty","Reference",7,"soil",9273.410115242,2015
"Liberty","Reference",7,"water",9639969.32020187,2015
"Liberty","Reference",7,"SAV",2868860.42248249,2015
"Liberty","Reference",7,"Emergent",2791584.08923626,2015
"Liberty","Reference",7,"Hyacinth",51788.5249996185,2015
"Liberty","Reference",7,"Spongeplant",1550.77930450439,2015
"Liberty","Reference",7,"Primrose",493241.615967751,2015
"Liberty","Reference",7,"NPV",803778.918552399,2015
"Liberty","Reference",7,"Riparian",171611.23884201,2015
"Liberty","Reference",7,"Shadow",234011.346421242,2015
"Flyway Farms","Restored",10,"soil",20691.6480588913,2015
"Flyway Farms","Restored",10,"water",56597.1914720535,2015
"Flyway Farms","Restored",10,"SAV",13556.8126296997,2015
"Flyway Farms","Restored",10,"Emergent",1142743.00629139,2015
"Flyway Farms","Restored",10,"Hyacinth",275.138263702393,2015
"Flyway Farms","Restored",10,"Spongeplant",1544.52616214752,2015
"Flyway Farms","Restored",10,"Primrose",4789.90704536438,2015
"Flyway Farms","Restored",10,"NPV",156053.420658112,2015
"Flyway Farms","Restored",10,"Riparian",77395.1429510117,2015
"Flyway Farms","Restored",10,"Shadow",3064.03975486755,2015
"Lower Yolo Ranch","Restored",11,"soil",786426.448512077,2015
"Lower Yolo Ranch","Restored",11,"water",31584.6220445633,2015
"Lower Yolo Ranch","Restored",11,"SAV",60874.3408441544,2015
"Lower Yolo Ranch","Restored",11,"Emergent",7763976.58800125,2015
"Lower Yolo Ranch","Restored",11,"Hyacinth",1819.66442584991,2015
"Lower Yolo Ranch","Restored",11,"Spongeplant",150538.14909935,2015
"Lower Yolo Ranch","Restored",11,"Primrose",194716.599850655,2015
"Lower Yolo Ranch","Restored",11,"NPV",4182401.7591095,2015
"Lower Yolo Ranch","Restored",11,"Riparian",458299.056477547,2015
"Lower Yolo Ranch","Restored",11,"Shadow",9604.82666015625,2015
"LICB","Restored",1,"unclassified",275.138263702393,2016
"LICB","Restored",1,"soil",300.150833129883,2016
"LICB","Restored",1,"water",51507.1335935593,2016
"LICB","Restored",1,"SAV",544.023385047913,2016
"LICB","Restored",1,"Emergent",81478.4449100494,2016
"LICB","Restored",1,"Hyacinth",1500.75416564941,2016
"LICB","Restored",1,"Primrose",2682.59807109833,2016
"LICB","Restored",1,"NPV",278752.579984665,2016
"LICB","Restored",1,"Riparian",134911.546349525,2016
"LICB","Restored",1,"Shadow",46742.2391176224,2016
"Liberty","Reference",7,"unclassified",33379.2739009857,2016
"Liberty","Reference",7,"soil",5696.6126871109,2016
"Liberty","Reference",7,"water",7069214.95329857,2016
"Liberty","Reference",7,"SAV",5012875.34238338,2016
"Liberty","Reference",7,"Emergent",2029319.78279114,2016
"Liberty","Reference",7,"Hyacinth",104896.463036537,2016
"Liberty","Reference",7,"Primrose",570793.087477684,2016
"Liberty","Reference",7,"NPV",985220.097179413,2016
"Liberty","Reference",7,"Riparian",651852.571849823,2016
"Liberty","Reference",7,"Shadow",602496.519227028,2016
"Flyway Farms","Restored",10,"unclassified",122011.313667297,2016
"Flyway Farms","Restored",10,"soil",6265.6486415863,2016
"Flyway Farms","Restored",10,"water",37775.2329778671,2016
"Flyway Farms","Restored",10,"SAV",51763.512430191,2016
"Flyway Farms","Restored",10,"Emergent",164495.16283989,2016
"Flyway Farms","Restored",10,"Hyacinth",3764.39169883728,2016
"Flyway Farms","Restored",10,"Primrose",2413.71294975281,2016
"Flyway Farms","Restored",10,"NPV",57991.6422176361,2016
"Flyway Farms","Restored",10,"Riparian",361162.743105888,2016
"Flyway Farms","Restored",10,"Shadow",16577.0803880692,2016
"Lower Yolo Ranch","Restored",11,"unclassified",376139.019050598,2016
"Lower Yolo Ranch","Restored",11,"soil",583180.562486649,2016
"Lower Yolo Ranch","Restored",11,"water",5627.8281211853,2016
"Lower Yolo Ranch","Restored",11,"SAV",58373.0839014053,2016
"Lower Yolo Ranch","Restored",11,"Emergent",2134616.44693851,2016
"Lower Yolo Ranch","Restored",11,"Hyacinth",59173.486123085,2016
"Lower Yolo Ranch","Restored",11,"Primrose",177933.165764809,2016
"Lower Yolo Ranch","Restored",11,"NPV",2103976.04938984,2016
"Lower Yolo Ranch","Restored",11,"Riparian",6943958.25874805,2016
"Lower Yolo Ranch","Restored",11,"Shadow",82372.6442670822,2016
"LICB","Restored",1,"unclassified",4083.30195903778,2017
"LICB","Restored",1,"soil",6497.01490879059,2017
"LICB","Restored",1,"water",78226.8108844757,2017
"LICB","Restored",1,"SAV",625.314235687256,2017
"LICB","Restored",1,"Emergent",334411.800103188,2017
"LICB","Restored",1,"Hyacinth",356.429114341736,2017
"LICB","Restored",1,"Primrose",5515.2715587616,2017
"LICB","Restored",1,"NPV",88231.8386554718,2017
"LICB","Restored",1,"Riparian",51688.4747219086,2017
"LICB","Restored",1,"Shadow",29008.3273935318,2017
"Liberty","Reference",7,"unclassified",84042.2332763672,2017
"Liberty","Reference",7,"soil",12850.2075433731,2017
"Liberty","Reference",7,"water",4776481.54872417,2017
"Liberty","Reference",7,"SAV",7688770.04487514,2017
"Liberty","Reference",7,"Emergent",3333887.86013603,2017
"Liberty","Reference",7,"Hyacinth",34917.5469207764,2017
"Liberty","Reference",7,"Primrose",613083.089237213,2017
"Liberty","Reference",7,"NPV",142803.012003899,2017
"Liberty","Reference",7,"Riparian",196442.467141151,2017
"Liberty","Reference",7,"Shadow",182379.149980545,2017
"Lower Yolo Ranch","Restored",11,"unclassified",618704.664216042,2017
"Lower Yolo Ranch","Restored",11,"soil",308036.045641899,2017
"Lower Yolo Ranch","Restored",11,"water",61080.6945419312,2017
"Lower Yolo Ranch","Restored",11,"SAV",279340.375366211,2017
"Lower Yolo Ranch","Restored",11,"Emergent",765553.459324837,2017
"Lower Yolo Ranch","Restored",11,"Hyacinth",1894.70213413239,2017
"Lower Yolo Ranch","Restored",11,"Primrose",62800.3086900711,2017
"Lower Yolo Ranch","Restored",11,"NPV",685313.136601448,2017
"Lower Yolo Ranch","Restored",11,"Riparian",5091089.64698315,2017
"Lower Yolo Ranch","Restored",11,"Shadow",94072.2736167908,2017
"LICB","Restored",1,"unclassified",442.392313241959,2018
"LICB","Restored",1,"soil",190.835899829865,2018
"LICB","Restored",1,"water",7766.44283246994,2018
"LICB","Restored",1,"SAV",6823.82914543152,2018
"LICB","Restored",1,"Emergent",202557.850404263,2018
"LICB","Restored",1,"Hyacinth",23.1316242218018,2018
"LICB","Restored",1,"Primrose",3562.27013015747,2018
"LICB","Restored",1,"NPV",261899.140892267,2018
"LICB","Restored",1,"Riparian",36386.0449008942,2018
"LICB","Restored",1,"Shadow",79179.5497112274,2018
"Liberty","Reference",7,"unclassified",5959.28469014168,2018
"Liberty","Reference",7,"soil",1847.63848471642,2018
"Liberty","Reference",7,"water",8505790.26311231,2018
"Liberty","Reference",7,"SAV",4020681.09317303,2018
"Liberty","Reference",7,"Emergent",3157258.52165794,2018
"Liberty","Reference",7,"Hyacinth",45170.2791991234,2018
"Liberty","Reference",7,"Primrose",520886.588585615,2018
"Liberty","Reference",7,"NPV",342611.160708189,2018
"Liberty","Reference",7,"Riparian",358372.471162319,2018
"Liberty","Reference",7,"Shadow",106850.755186558,2018
"Flyway Farms","Restored",10,"unclassified",586.96496462822,2018
"Flyway Farms","Restored",10,"soil",100365.22604537,2018
"Flyway Farms","Restored",10,"water",7821.38043999672,2018
"Flyway Farms","Restored",10,"SAV",2845.18977928162,2018
"Flyway Farms","Restored",10,"Emergent",423357.877960443,2018
"Flyway Farms","Restored",10,"Primrose",789.366676568985,2018
"Flyway Farms","Restored",10,"NPV",769068.676314354,2018
"Flyway Farms","Restored",10,"Riparian",84366.8164429665,2018
"Flyway Farms","Restored",10,"Shadow",87564.7634916306,2018
"Lower Yolo Ranch","Restored",11,"unclassified",2845.18977928162,2018
"Lower Yolo Ranch","Restored",11,"soil",362186.297705889,2018
"Lower Yolo Ranch","Restored",11,"water",8084.50266551971,2018
"Lower Yolo Ranch","Restored",11,"SAV",24941.6738171577,2018
"Lower Yolo Ranch","Restored",11,"Emergent",8674512.33018613,2018
"Lower Yolo Ranch","Restored",11,"Hyacinth",266.01367855072,2018
"Lower Yolo Ranch","Restored",11,"Primrose",76840.3642117977,2018
"Lower Yolo Ranch","Restored",11,"NPV",1918953.28219223,2018
"Lower Yolo Ranch","Restored",11,"Riparian",2399645.78223944,2018
"Lower Yolo Ranch","Restored",11,"Shadow",172191.810707092,2018
"LICB","Restored",1,"soil",271.796584606171,2019
"LICB","Restored",1,"water",53558.3844325542,2019
"LICB","Restored",1,"SAV",38042.8474857807,2019
"LICB","Restored",1,"Emergent",80012.2881832123,2019
"LICB","Restored",1,"Hyacinth",297.819661855698,2019
"LICB","Restored",1,"Primrose",2689.05131578445,2019
"LICB","Restored",1,"NPV",208441.957315683,2019
"LICB","Restored",1,"Riparian",207088.757298708,2019
"LICB","Restored",1,"Shadow",8347.62489104271,2019
"Liberty","Reference",7,"unclassified",14243.2976145744,2019
"Liberty","Reference",7,"soil",2142.56669354439,2019
"Liberty","Reference",7,"water",8438997.69817185,2019
"Liberty","Reference",7,"SAV",4119172.65765643,2019
"Liberty","Reference",7,"Emergent",2502211.40403891,2019
"Liberty","Reference",7,"Hyacinth",19829.5848641396,2019
"Liberty","Reference",7,"Primrose",504518.072995663,2019
"Liberty","Reference",7,"NPV",177861.950094461,2019
"Liberty","Reference",7,"Riparian",1260528.94743681,2019
"Liberty","Reference",7,"Shadow",26190.781525135,2019
"Flyway Farms","Restored",10,"soil",23039.0977249146,2019
"Flyway Farms","Restored",10,"water",67477.8393080235,2019
"Flyway Farms","Restored",10,"SAV",25615.3823726177,2019
"Flyway Farms","Restored",10,"Emergent",733087.434837341,2019
"Flyway Farms","Restored",10,"Hyacinth",1859.20429682732,2019
"Flyway Farms","Restored",10,"Primrose",19592.4857158661,2019
"Flyway Farms","Restored",10,"NPV",190191.105804682,2019
"Flyway Farms","Restored",10,"Riparian",412211.326538563,2019
"Flyway Farms","Restored",10,"Shadow",3883.22141623497,2019
"Lower Yolo Ranch","Restored",11,"soil",307913.724375486,2019
"Lower Yolo Ranch","Restored",11,"water",37253.4808092117,2019
"Lower Yolo Ranch","Restored",11,"SAV",169566.371357918,2019
"Lower Yolo Ranch","Restored",11,"Emergent",8584203.57777119,2019
"Lower Yolo Ranch","Restored",11,"Hyacinth",24426.9951782227,2019
"Lower Yolo Ranch","Restored",11,"Primrose",8763.99412703514,2019
"Lower Yolo Ranch","Restored",11,"NPV",1804307.16964293,2019
"Lower Yolo Ranch","Restored",11,"Riparian",2690491.25939226,2019
"Lower Yolo Ranch","Restored",11,"Shadow",13367.1873471737,2019
"LICB","Restored",1,"unclassified",2165.08785486221,2020
"LICB","Restored",1,"soil",14763.4179234505,2020
"LICB","Restored",1,"water",84630.5228590965,2020
"LICB","Restored",1,"SAV",7055.5450797081,2020
"LICB","Restored",1,"Emergent",72120.2370285988,2020
"LICB","Restored",1,"Hyacinth",4918.47130060196,2020
"LICB","Restored",1,"Primrose",1188.59721422195,2020
"LICB","Restored",1,"NPV",231340.237593651,2020
"LICB","Restored",1,"Riparian",169225.027620792,2020
"LICB","Restored",1,"Shadow",2685.34926176071,2020
"LICB","Restored",1,"Marsh Invaded by Primrose",8492.26696491241,2020
"Liberty","Reference",7,"unclassified",13326.6960382462,2020
"Liberty","Reference",7,"soil",6099.06449317932,2020
"Liberty","Reference",7,"water",6338192.64383316,2020
"Liberty","Reference",7,"SAV",6059652.69060135,2020
"Liberty","Reference",7,"Emergent",2943675.05832911,2020
"Liberty","Reference",7,"Hyacinth",60510.4036331177,2020
"Liberty","Reference",7,"Primrose",129320.977711678,2020
"Liberty","Reference",7,"NPV",232780.961489677,2020
"Liberty","Reference",7,"Riparian",739387.507462502,2020
"Liberty","Reference",7,"Shadow",27753.9450526237,2020
"Liberty","Reference",7,"Marsh Invaded by Primrose",515106.816959381,2020
"Flyway Farms","Restored",10,"unclassified",2221.11600637436,2020
"Flyway Farms","Restored",10,"soil",5154.58993911743,2020
"Flyway Farms","Restored",10,"water",72540.4481649399,2020
"Flyway Farms","Restored",10,"SAV",5570.79906463623,2020
"Flyway Farms","Restored",10,"Emergent",163394.097852707,2020
"Flyway Farms","Restored",10,"Hyacinth",15747.9125857353,2020
"Flyway Farms","Restored",10,"Primrose",7659.84871387482,2020
"Flyway Farms","Restored",10,"NPV",554370.545136929,2020
"Flyway Farms","Restored",10,"Riparian",627463.270795345,2020
"Flyway Farms","Restored",10,"Shadow",2681.34725093842,2020
"Flyway Farms","Restored",10,"Marsh Invaded by Primrose",20366.2330746651,2020
"Lower Yolo Ranch","Restored",11,"unclassified",11425.7408976555,2020
"Lower Yolo Ranch","Restored",11,"soil",471052.681827545,2020
"Lower Yolo Ranch","Restored",11,"water",110415.478587151,2020
"Lower Yolo Ranch","Restored",11,"SAV",30075.1113295555,2020
"Lower Yolo Ranch","Restored",11,"Emergent",654028.618633747,2020
"Lower Yolo Ranch","Restored",11,"Hyacinth",51357.8048825264,2020
"Lower Yolo Ranch","Restored",11,"Primrose",13178.6216378212,2020
"Lower Yolo Ranch","Restored",11,"NPV",7890444.57745552,2020
"Lower Yolo Ranch","Restored",11,"Riparian",4353075.2156496,2020
"Lower Yolo Ranch","Restored",11,"Shadow",3389.70316648483,2020
"Lower Yolo Ranch","Restored",11,"Marsh Invaded by Primrose",51677.9657483101,2020
"LICB","Restored",1,"unclassified",2485.2487206459,2021
"LICB","Restored",1,"soil",40956.5787553787,2021
"LICB","Restored",1,"water",77330.8551192284,2021
"LICB","Restored",1,"SAV",8552.29712724686,2021
"LICB","Restored",1,"Emergent",22399.2545723915,2021
"LICB","Restored",1,"Hyacinth",176.08847618103,2021
"LICB","Restored",1,"Spongeplant",116.058313846588,2021
"LICB","Restored",1,"Primrose",1420.71384191513,2021
"LICB","Restored",1,"NPV",221859.473955631,2021
"LICB","Restored",1,"Riparian",205467.237627506,2021
"LICB","Restored",1,"Shadow",15195.6350922585,2021
"LICB","Restored",1,"Marsh Invaded by Primrose",2917.46588945389,2021
"Liberty","Reference",7,"unclassified",12998.5311508179,2021
"Liberty","Reference",7,"soil",5794.91167068481,2021
"Liberty","Reference",7,"water",3109602.42903233,2021
"Liberty","Reference",7,"SAV",9230613.94956112,2021
"Liberty","Reference",7,"Emergent",2768843.21354628,2021
"Liberty","Reference",7,"Hyacinth",27325.7298946381,2021
"Liberty","Reference",7,"Spongeplant",1832.92095661163,2021
"Liberty","Reference",7,"Primrose",202089.540493488,2021
"Liberty","Reference",7,"NPV",214863.959038258,2021
"Liberty","Reference",7,"Riparian",992966.919195652,2021
"Liberty","Reference",7,"Shadow",89837.1389389038,2021
"Liberty","Reference",7,"Marsh Invaded by Primrose",408977.49196291,2021
"Flyway Farms","Restored",10,"unclassified",2381.1964392662,2021
"Flyway Farms","Restored",10,"soil",4742.38282442093,2021
"Flyway Farms","Restored",10,"water",66981.6551327705,2021
"Flyway Farms","Restored",10,"SAV",12042.0505642891,2021
"Flyway Farms","Restored",10,"Emergent",152008.377063274,2021
"Flyway Farms","Restored",10,"Hyacinth",260.130703449249,2021
"Flyway Farms","Restored",10,"Spongeplant",2193.10193061829,2021
"Flyway Farms","Restored",10,"Primrose",5514.77091312408,2021
"Flyway Farms","Restored",10,"NPV",471901.108121872,2021
"Flyway Farms","Restored",10,"Riparian",735757.683646679,2021
"Flyway Farms","Restored",10,"Shadow",10053.0511856079,2021
"Flyway Farms","Restored",10,"Marsh Invaded by Primrose",13390.7282114029,2021
"Lower Yolo Ranch","Restored",11,"unclassified",13218.6417460442,2021
"Lower Yolo Ranch","Restored",11,"soil",670024.655890465,2021
"Lower Yolo Ranch","Restored",11,"water",57949.1167068481,2021
"Lower Yolo Ranch","Restored",11,"SAV",97737.1083021164,2021
"Lower Yolo Ranch","Restored",11,"Emergent",2392542.13994741,2021
"Lower Yolo Ranch","Restored",11,"Hyacinth",1632.82041549683,2021
"Lower Yolo Ranch","Restored",11,"Spongeplant",137809.242665768,2021
"Lower Yolo Ranch","Restored",11,"Primrose",449737.972187996,2021
"Lower Yolo Ranch","Restored",11,"NPV",6521956.97677135,2021
"Lower Yolo Ranch","Restored",11,"Riparian",3174927.25168467,2021
"Lower Yolo Ranch","Restored",11,"Shadow",68358.3468556404,2021
"Lower Yolo Ranch","Restored",11,"Marsh Invaded by Primrose",54119.1923499107,2021
"LICB","Restored",1,"unclassified",628.315699100494,2022
"LICB","Restored",1,"soil",136764.717841148,2022
"LICB","Restored",1,"water",7203.61948013306,2022
"LICB","Restored",1,"SAV",1260.63340902328,2022
"LICB","Restored",1,"Emergent",184412.658691406,2022
"LICB","Restored",1,"Spongeplant",20.0100541114807,2022
"LICB","Restored",1,"Primrose",2129.06975746155,2022
"LICB","Restored",1,"NPV",109214.875340462,2022
"LICB","Restored",1,"Riparian",71780.0661087036,2022
"LICB","Restored",1,"Shadow",84654.5349240303,2022
"Liberty","Reference",7,"unclassified",15964.0211701393,2022
"Liberty","Reference",7,"soil",132566.60848856,2022
"Liberty","Reference",7,"water",3047943.44829321,2022
"Liberty","Reference",7,"SAV",8930126.96897984,2022
"Liberty","Reference",7,"Emergent",3403253.97512913,2022
"Liberty","Reference",7,"Hyacinth",12610.3361010551,2022
"Liberty","Reference",7,"Spongeplant",11117.5860643387,2022
"Liberty","Reference",7,"Primrose",258950.110256672,2022
"Liberty","Reference",7,"NPV",143680.192542076,2022
"Liberty","Reference",7,"Riparian",906527.487444878,2022
"Liberty","Reference",7,"Shadow",202717.856192589,2022
"Flyway Farms","Restored",10,"unclassified",2449.23062324524,2022
"Flyway Farms","Restored",10,"soil",55483.8780403137,2022
"Flyway Farms","Restored",10,"water",52410.3337287903,2022
"Flyway Farms","Restored",10,"SAV",5546.78699970245,2022
"Flyway Farms","Restored",10,"Emergent",785802.828979492,2022
"Flyway Farms","Restored",10,"Hyacinth",20.0100541114807,2022
"Flyway Farms","Restored",10,"Spongeplant",1592.80030727386,2022
"Flyway Farms","Restored",10,"Primrose",5983.00617933273,2022
"Flyway Farms","Restored",10,"NPV",443438.807153702,2022
"Flyway Farms","Restored",10,"Riparian",105833.176195621,2022
"Flyway Farms","Restored",10,"Shadow",18169.1291332245,2022
"Lower Yolo Ranch","Restored",11,"unclassified",10737.3950362206,2022
"Lower Yolo Ranch","Restored",11,"soil",2424842.36929417,2022
"Lower Yolo Ranch","Restored",11,"water",33977.0718812943,2022
"Lower Yolo Ranch","Restored",11,"SAV",21430.7679533958,2022
"Lower Yolo Ranch","Restored",11,"Emergent",4320222.70880938,2022
"Lower Yolo Ranch","Restored",11,"Hyacinth",768.386077880859,2022
"Lower Yolo Ranch","Restored",11,"Spongeplant",1384.69574451447,2022
"Lower Yolo Ranch","Restored",11,"Primrose",24304.2117238045,2022
"Lower Yolo Ranch","Restored",11,"NPV",4568335.37375927,2022
"Lower Yolo Ranch","Restored",11,"Riparian",2127100.76813698,2022
"Lower Yolo Ranch","Restored",11,"Shadow",106837.680912018,2022
"LICB","Restored",1,"unclassified",2576.01453924179,2023
"LICB","Restored",1,"soil",115.257921218872,2023
"LICB","Restored",1,"water",72600.9645757675,2023
"LICB","Restored",1,"SAV",14666.5704751015,2023
"LICB","Restored",1,"Emergent",106192.885715008,2023
"LICB","Restored",1,"Hyacinth",161.361089706421,2023
"LICB","Restored",1,"Spongeplant",1192.91948461533,2023
"LICB","Restored",1,"Primrose",17173.4302616119,2023
"LICB","Restored",1,"NPV",176356.145256996,2023
"LICB","Restored",1,"Riparian",184988.96355629,2023
"LICB","Restored",1,"Shadow",12926.1758646965,2023
"LICB","Restored",1,"Marsh Invaded by Primrose",10240.6663002968,2023
"Liberty","Reference",7,"unclassified",13208.5577716827,2023
"Liberty","Reference",7,"soil",1653.95116949081,2023
"Liberty","Reference",7,"water",8499459.12154722,2023
"Liberty","Reference",7,"SAV",3711990.84787893,2023
"Liberty","Reference",7,"Emergent",3100645.54504585,2023
"Liberty","Reference",7,"Hyacinth",50425.3405332565,2023
"Liberty","Reference",7,"Spongeplant",7036.49609041214,2023
"Liberty","Reference",7,"Primrose",241430.767577171,2023
"Liberty","Reference",7,"NPV",128754.623793602,2023
"Liberty","Reference",7,"Riparian",899161.620804787,2023
"Liberty","Reference",7,"Shadow",43734.618206501,2023
"Liberty","Reference",7,"Marsh Invaded by Primrose",361206.799307823,2023
"Liberty","Reference",7,"Alligatorweed",6973.10423374176,2023
"Flyway Farms","Restored",10,"unclassified",4057.0788269043,2023
"Flyway Farms","Restored",10,"soil",512.897749423981,2023
"Flyway Farms","Restored",10,"water",68019.4622073174,2023
"Flyway Farms","Restored",10,"SAV",8494.50879383087,2023
"Flyway Farms","Restored",10,"Emergent",496899.949958801,2023
"Flyway Farms","Restored",10,"Hyacinth",507.134853363037,2023
"Flyway Farms","Restored",10,"Spongeplant",2022.7765173912,2023
"Flyway Farms","Restored",10,"Primrose",85388.8309350014,2023
"Flyway Farms","Restored",10,"NPV",50511.7839741707,2023
"Flyway Farms","Restored",10,"Riparian",725421.830359459,2023
"Flyway Farms","Restored",10,"Shadow",4466.24444723129,2023
"Flyway Farms","Restored",10,"Marsh Invaded by Primrose",30497.2459545135,2023
"Flyway Farms","Restored",10,"Alligatorweed",5.7628960609436,2023
"Lower Yolo Ranch","Restored",11,"unclassified",17317.5026631355,2023
"Lower Yolo Ranch","Restored",11,"soil",199378.915020466,2023
"Lower Yolo Ranch","Restored",11,"water",57196.7434048653,2023
"Lower Yolo Ranch","Restored",11,"SAV",162513.66891861,2023
"Lower Yolo Ranch","Restored",11,"Emergent",3445053.50233603,2023
"Lower Yolo Ranch","Restored",11,"Hyacinth",5492.03994607925,2023
"Lower Yolo Ranch","Restored",11,"Spongeplant",19979.9606432915,2023
"Lower Yolo Ranch","Restored",11,"Primrose",2539794.73749876,2023
"Lower Yolo Ranch","Restored",11,"NPV",2545880.35573912,2023
"Lower Yolo Ranch","Restored",11,"Riparian",4466878.365798,2023
"Lower Yolo Ranch","Restored",11,"Shadow",37205.2569694519,2023
"Lower Yolo Ranch","Restored",11,"Marsh Invaded by Primrose",142700.832261086,2023
"Lower Yolo Ranch","Restored",11,"Alligatorweed",282.381906986237,2023
"LICB","Restored",1,"unclassified",128.504574298859,2024
"LICB","Restored",1,"soil",117115.010976791,2024
"LICB","Restored",1,"water",77454.4413089752,2024
"LICB","Restored",1,"SAV",12275.5685448647,2024
"LICB","Restored",1,"Emergent",81133.730173111,2024
"LICB","Restored",1,"Hyacinth",108.214378356934,2024
"LICB","Restored",1,"Spongeplant",344.933331012726,2024
"LICB","Restored",1,"Primrose",10760.5672478676,2024
"LICB","Restored",1,"NPV",68357.6701283455,2024
"LICB","Restored",1,"Riparian",197139.543771744,2024
"LICB","Restored",1,"Shadow",12708.4260582924,2024
"LICB","Restored",1,"Marsh Invaded by Primrose",20479.5711040497,2024
"LICB","Restored",1,"Alligatorweed",20.290195941925,2024
"Liberty","Reference",7,"unclassified",2617.43527650833,2024
"Liberty","Reference",7,"soil",61357.5525283813,2024
"Liberty","Reference",7,"water",3863686.16485596,2024
"Liberty","Reference",7,"SAV",8330586.32826805,2024
"Liberty","Reference",7,"Emergent",2991376.82431936,2024
"Liberty","Reference",7,"Hyacinth",11058.1567883492,2024
"Liberty","Reference",7,"Spongeplant",3300.53853988647,2024
"Liberty","Reference",7,"Primrose",246924.921214581,2024
"Liberty","Reference",7,"NPV",107598.909080029,2024
"Liberty","Reference",7,"Riparian",737041.367590427,2024
"Liberty","Reference",7,"Shadow",93896.2634205818,2024
"Liberty","Reference",7,"Marsh Invaded by Primrose",590843.74243021,2024
"Liberty","Reference",7,"Alligatorweed",25004.284799099,2024
"Flyway Farms","Restored",10,"unclassified",1501.47449970245,2024
"Flyway Farms","Restored",10,"soil",32180.2507638931,2024
"Flyway Farms","Restored",10,"water",35311.7043375969,2024
"Flyway Farms","Restored",10,"SAV",2962.36860752106,2024
"Flyway Farms","Restored",10,"Emergent",308911.469817162,2024
"Flyway Farms","Restored",10,"Hyacinth",87.9241824150085,2024
"Flyway Farms","Restored",10,"Spongeplant",9279.38294410706,2024
"Flyway Farms","Restored",10,"Primrose",15927.8038144112,2024
"Flyway Farms","Restored",10,"NPV",24300.8913397789,2024
"Flyway Farms","Restored",10,"Riparian",922716.950654984,2024
"Flyway Farms","Restored",10,"Shadow",54235.6937527657,2024
"Flyway Farms","Restored",10,"Marsh Invaded by Primrose",63582.7106833458,2024
"Flyway Farms","Restored",10,"Alligatorweed",6803.9790391922,2024
"Lower Yolo Ranch","Restored",11,"unclassified",5424.2457151413,2024
"Lower Yolo Ranch","Restored",11,"soil",1108548.09188843,2024
"Lower Yolo Ranch","Restored",11,"water",61925.6780147552,2024
"Lower Yolo Ranch","Restored",11,"SAV",75249.5733499527,2024
"Lower Yolo Ranch","Restored",11,"Emergent",3415313.4149313,2024
"Lower Yolo Ranch","Restored",11,"Hyacinth",3395.22612094879,2024
"Lower Yolo Ranch","Restored",11,"Spongeplant",14683.3384633064,2024
"Lower Yolo Ranch","Restored",11,"Primrose",106381.497323513,2024
"Lower Yolo Ranch","Restored",11,"NPV",2902701.9046545,2024
"Lower Yolo Ranch","Restored",11,"Riparian",5707503.61388922,2024
"Lower Yolo Ranch","Restored",11,"Shadow",137188.778162003,2024
"Lower Yolo Ranch","Restored",11,"Marsh Invaded by Primrose",92983.2046031952,2024
"Lower Yolo Ranch","Restored",11,"Alligatorweed",8975.03000497818,2024
